accuracy,precision,recall,f1_score,roc_auc
0.614,0.5942028985507246,0.45454545454545453,0.5150753768844221,0.6500632070404162
