accuracy,precision,recall,f1_score,roc_auc
0.653,0.23893805309734514,0.09375,0.13466334164588528,0.45901119694132336
